                  epoch,         train/box_loss,         train/cls_loss,         train/dfl_loss,   metrics/precision(B),      metrics/recall(B),       metrics/mAP50(B),    metrics/mAP50-95(B),           val/box_loss,           val/cls_loss,           val/dfl_loss,                 lr/pg0,                 lr/pg1,                 lr/pg2
                      1,                 2.4894,                 4.6085,                 2.1257,                      0,                      0,                      0,                      0,                 2.3934,                 4.5505,                  1.991,                  7e-05,                  7e-05,                  7e-05
                      2,                   1.93,                 4.3855,                 1.7013,                      0,                      0,                      0,                      0,                 1.5223,                 4.3226,                 1.4346,              0.0001203,              0.0001203,              0.0001203
                      3,                   1.64,                 4.1138,                 1.4679,                      0,                      0,                      0,                      0,                 1.3391,                  4.119,                 1.1904,             0.00013892,             0.00013892,             0.00013892
                      4,                 1.4579,                 3.8426,                 1.3317,                 0.0005,                0.03333,                 0.0003,                0.00027,                 1.1917,                 3.9714,                 1.0539,             0.00012586,             0.00012586,             0.00012586
                      5,                 1.3774,                 3.5162,                 1.2382,                0.00595,                0.43333,                0.00574,                0.00408,                 1.1078,                 3.8644,                  1.003,              8.112e-05,              8.112e-05,              8.112e-05
